{"_step":10,"lr":0.0001,"mfu":0.06270570100045755,"_wandb":{"runtime":12},"iter":500,"val/loss":0.18451909720897675,"_runtime":12,"train/loss":0.17933936417102814,"_timestamp":1.7696172496656609e+09}